{
    "agent_names": ["Alice", "Bob", "Charlie", "Diana"],
    "keywords": {
        "admission": ["Admissions are open for the Fall session, {name}.", "You can find admission details on our website, {name}."],
        "coffee": ["The campus coffee shop is open from 8 AM to 8 PM.", "You can grab coffee at the Student Center, {name}."],
        "library": ["The library is open 24/7 for students.", "Library services are available both online and offline, {name}."],
        "sports": ["The sports complex is open from 6 AM to 10 PM.", "Join the sports club to enjoy all facilities, {name}."]
    },
    "jokes": [
        "Why don’t scientists trust atoms? Because they make up everything!",
        "Why did the scarecrow win an award? Because he was outstanding in his field!",
        "What do you call fake spaghetti? An impasta!"
    ],
    "riddles": [
        {
            "question": "What has keys but can’t open locks?",
            "answer": "a piano"
        },
        {
            "question": "I speak without a mouth and hear without ears. I have no body, but I come alive with the wind. What am I?",
            "answer": "an echo"
        },
        {
            "question": "What can travel around the world while staying in the same spot?",
            "answer": "a stamp"
        }
    ],
    "fun_personality_traits": [
        "Sometimes I wonder if I’m a chatbot or a stand-up comedian in disguise.",
        "I am the fastest responder in the world… unless I am napping (just kidding, I don't nap!).",
        "If I had a nickel for every question I answered, I had be a millionaire bot by now."
    ],
    "default_responses": [
        "That's an interesting question, {name}. Let me find out for you.",
        "I'm not sure about that, {name}. Can you clarify?",
        "Good question, {name}. I'll need to check on that."
    ]
}
